Postcode,District,City/ Town/ Suburb
2000,Sydney,"Dawes Point, Haymarket, Millers Point, Sydney, The Rocks"
2001,Sydney,Sydney
2002,Sydney,World Square
2004,Sydney,Eastern Suburbs
2006,Sydney,University Of Sydney
2007,Sydney,Ultimo
2008,Sydney,"Chippendale, Darlington"
2009,Sydney,Pyrmont
2010,Sydney,"Surry Hills, Darlinghurst"
2011,Sydney,"Woolloomooloo, Elizabeth Bay, Potts Point, Rushcutters Bay"
2012,Sydney,Strawberry Hills
2015,Sydney,"Alexandria, Beaconsfield, Eveleigh"
2016,Sydney,Redfern
2017,Sydney,"Waterloo, Zetland"
2018,Sydney,"Eastlakes, Rosebery"
2019,Sydney,"Banksmeadow, Botany"
2020,Sydney,Mascot
2021,Sydney,"Moore Park, Paddington, Centennial Park"
2022,Sydney,"Queens Park, Bondi Junction"
2023,Sydney,Bellevue Hill
2024,Sydney,"Bronte, Waverley"
2025,Sydney,Woollahra
2026,Sydney,Bondi
2027,Sydney,"Darling Point, Edgecliff, Point Piper"
2028,Sydney,Double Bay
2029,Sydney,Rose Bay
2030,Sydney,"Vaucluse, Watsons Bay, Dover Heights"
2031,Sydney,"Clovelly, Randwick"
2032,Sydney,"Daceyville, Kingsford"
2033,Sydney,Kensington
2034,Sydney,"Coogee, South Coogee"
2035,Sydney,"Maroubra, Pagewood"
2036,Sydney,"Chifley, Eastgardens, Hillsdale, La Perouse, Little Bay, Malabar, Matraville, Phillip Bay, Port Botany"
2037,Sydney,"Forest Lodge, Glebe"
2038,Sydney,Annandale
2039,Sydney,Rozelle
2040,Sydney,"Leichhardt, Lilyfield, Birchgrove"
2041,Sydney,"Balmain, Balmain East"
2042,Sydney,"Enmore, Newtown"
2043,Sydney,Erskineville
2044,Sydney,"St Peters, Sydenham, Tempe"
2045,Sydney,Haberfield
2046,Sydney,"Abbotsford, Canada Bay, Chiswick, Five Dock, Rodd Point, Russell Lea, Wareemba"
2047,Sydney,Drummoyne
2048,Sydney,Stanmore
2049,Sydney,"Lewisham, Petersham"
2050,Sydney,Camperdown
2052,Sydney,University Of New South Wales
2057,Sydney,Chatswood
2059,Sydney,North Sydney
2060,Sydney,"Waverton, Lavender Bay, Mcmahons Point, North Sydney"
2061,Sydney,"Kirribilli, Milsons Point"
2062,Sydney,Cammeray
2063,Sydney,Northbridge
2064,Sydney,Artarmon
2065,Sydney,"Crows Nest, Greenwich, Naremburn, St Leonards, Wollstonecraft"
2066,Sydney,"Lane Cove, Lane Cove North, Lane Cove West, Linley Point, Longueville, Northwood, Riverview"
2067,Sydney,"Chatswood, Chatswood West"
2068,Sydney,"Middle Cove, North Willoughby, Willoughby, Willoughby East, Castlecrag"
2069,Sydney,"Roseville, Roseville Chase, Castle Cove"
2070,Sydney,"East Lindfield, Lindfield"
2071,Sydney,"Killara, East Killara"
2072,Sydney,Gordon
2073,Central Coast,"Pymble, West Pymble"
2074,Sydney,"Turramurra, South Turramurra, North Turramurra, Warrawee"
2075,Sydney,"St Ives, St Ives Chase"
2076,Sydney,"Normanhurst, Wahroonga, North Wahroonga"
2077,Central Coast,"Waitara, Asquith, Hornsby, Hornsby Heights"
2079,Central Coast,Mount Colah
2080,Central Coast,Mount Kuring-gai
2081,Central Coast,"Berowra, Cowan"
2082,Central Coast,"Berowra Heights, Berowra Waters"
2083,Central Coast,"Brooklyn, Dangar Island, Milsons Passage, Mooney Mooney"
2084,Central Coast,"Duffys Forest, Terrey Hills"
2085,Central Coast,"Belrose, Davidson"
2086,Sydney,Frenchs Forest
2087,Sydney,"Forestville, Killarney Heights"
2088,Sydney,Mosman
2089,Sydney,Neutral Bay
2090,Sydney,"Cremorne, Cremorne Point"
2092,Sydney,Seaforth
2093,Sydney,"Balgowlah, North Balgowlah, Balgowlah Heights, Clontarf, Manly Vale"
2094,Sydney,Fairlight
2095,Sydney,Manly
2096,Sydney,"Queenscliff, Curl Curl, Harbord"
2097,Central Coast,Collaroy
2099,Central Coast,"Cromer, Dee Why, Narraweena, North Curl Curl"
2100,Sydney,"Beacon Hill, Brookvale, North Manly, Oxford Falls, Allambie Heights"
2101,Central Coast,"Narrabeen, North Narrabeen, Elanora Heights, Ingleside"
2102,Central Coast,Warriewood
2103,Central Coast,Mona Vale
2104,Central Coast,Bayview
2105,Central Coast,"Church Point, Elvina Bay, Lovett Bay, Scotland Island"
2106,Central Coast,"Newport, Newport Beach"
2107,Central Coast,"Whale Beach, Avalon, Avalon Beach, Bilgola, Careel Bay"
2108,Central Coast,"Palm Beach, The Basin"
2109,Sydney,Macquarie University
2110,Sydney,"Woolwich, Hunters Hill"
2111,Sydney,"Gladesville, Henley, Huntleys Cove, Huntleys Point, Tennyson Point"
2112,Sydney,"Putney, Ryde, Denistone East"
2113,Sydney,"Denistone East, East Ryde, Macquarie Park, North Ryde"
2114,Sydney,"Denistone, Denistone West, Meadowbank, Melrose Park, West Ryde"
2115,Sydney,Ermington
2116,Sydney,Rydalmere
2117,Sydney,"Telopea, Dundas, Dundas Valley, Oatlands"
2118,Sydney,Carlingford
2119,Sydney,"Cheltenham, Beecroft"
2120,Sydney,"Pennant Hills, Thornleigh, Westleigh"
2121,Sydney,"Epping, North Epping"
2122,Sydney,"Marsfield, Eastwood"
2123,Sydney,Parramatta
2124,Sydney,Parramatta
2125,Sydney,West Pennant Hills
2126,Sydney,Cherrybrook
2127,Sydney,"Homebush Bay, Newington"
2128,Sydney,Silverwater
2129,Sydney,Sydney Markets
2130,Sydney,Summer Hill
2131,Sydney,Ashfield
2132,Sydney,Croydon
2133,Sydney,Croydon Park
2134,Sydney,Burwood
2135,Sydney,Strathfield
2136,Sydney,"Strathfield South, Burwood Heights, Enfield"
2137,Sydney,"Breakfast Point, Cabarita, Concord, Mortlake, North Strathfield"
2138,Sydney,"Concord West, Liberty Grove, Rhodes"
2139,Sydney,Concord Repatriation Hospital
2140,Sydney,"Homebush, Homebush West"
2141,Sydney,"Lidcombe, Berala"
2142,Sydney,"Rosehill, Granville, South Granville, Camellia, Clyde, Holroyd"
2143,Sydney,"Birrong, Potts Hill, Regents Park"
2144,Sydney,Auburn
2145,Sydney,"Constitution Hill, Girraween, Greystanes, Mays Hill, Pemulwuy, Pendle Hill, Wentworthville, South Wentworthville, Westmead"
2146,Sydney,"Toongabbie, Old Toongabbie"
2147,Sydney,"Seven Hills, Seven Hills West, Kings Langley, Lalor Park"
2148,Sydney,"Arndell Park, Blacktown, Kings Park, Marayong, Prospect"
2150,Sydney,"Harris Park, Parramatta"
2151,Sydney,"North Parramatta, North Rocks"
2152,Sydney,Northmead
2153,Sydney,"Winston Hills, Baulkham Hills, Bella Vista"
2154,Sydney,Castle Hill
2155,Sydney,"Beaumont Hills, Kellyville, Kellyville Ridge, Rouse Hill"
2156,Sydney,"Kenthurst, Annangrove, Glenhaven"
2157,Central Coast,Glenorie
2158,Sydney,"Dural, Middle Dural"
2159,Central Coast,"Arcadia, Berrilee, Fiddletown, Galston"
2160,Sydney,"Merrylands, Merrylands West"
2161,Sydney,"Guildford, Guildford West, Old Guildford, Yennora"
2162,Sydney,"Sefton, Chester Hill"
2163,Sydney,"Carramar, Lansdowne, Villawood"
2164,Sydney,"Smithfield, Wetherill Park, Woodpark"
2165,Sydney,"Fairfield, Fairfield East, Fairfield Heights, Fairfield West"
2166,Sydney,"Cabramatta, Cabramatta West, Canley Heights, Canley Vale, Lansvale"
2167,Sydney,Glenfield
2168,Sydney,"Ashcroft, Busby, Cartwright, Green Valley, Heckenberg, Hinchinbrook, Miller, Sadleir"
2170,Sydney,"Casula, Chipping Norton, Hammondville, Liverpool, Liverpool South, Lurnea, Moorebank, Mount Pritchard, Prestons, Warwick Farm"
2171,Sydney,"Cecil Hills, Horningsea Park, Hoxton Park, Middleton Grange, West Hoxton"
2172,Sydney,"Pleasure Point, Sandy Point, Voyager"
2173,Sydney,"Holsworthy, Wattle Grove"
2174,Sydney,Edmondson Park
2175,Sydney,Horsley Park
2176,Sydney,"Abbotsbury, Bossley Park, Edensor Park, Greenfield Park, Prairiewood, St Johns Park, Wakeley"
2177,Sydney,"Bonnyrigg, Bonnyrigg Heights"
2178,Sydney,"Cecil Park, Kemps Creek, Mount Vernon"
2179,Sydney,"Austral, Leppington"
2190,Sydney,"Chullora, Greenacre, Mount Lewis"
2191,Sydney,Belfield
2192,Sydney,Belmore
2193,Sydney,"Ashbury, Canterbury, Hurlstone Park"
2194,Sydney,Campsie
2195,Sydney,"Lakemba, Wiley Park"
2196,Sydney,"Punchbowl, Roselands"
2197,Sydney,Bass Hill
2198,Sydney,Georges Hall
2199,Sydney,Yagoona
2200,Sydney,"Bankstown, Condell Park"
2203,Sydney,Dulwich Hill
2204,Sydney,Marrickville
2205,Sydney,"Arncliffe, Turrella, Wolli Creek"
2206,Sydney,"Clemton Park, Earlwood"
2207,Sydney,"Bardwell Park, Bardwell Valley, Bexley, Bexley North"
2208,Sydney,Kingsgrove
2209,Sydney,"Beverly Hills, Narwee"
2210,Sydney,"Peakhurst, Peakhurst Heights, Riverwood, Lugarno"
2211,Sydney,"Padstow, Padstow Heights"
2212,Sydney,"Revesby, Revesby Heights"
2213,Sydney,"East Hills, Panania, Picnic Point"
2214,Sydney,Milperra
2216,Sydney,"Banksia, Brighton-le-sands, Kyeemagh, Rockdale"
2217,Sydney,"Beverley Park, Kogarah, Kogarah Bay, Monterey, Ramsgate, Ramsgate Beach"
2218,Sydney,"Allawah, Carlton"
2219,Sydney,"Dolls Point, Sandringham, Sans Souci"
2220,Sydney,"Hurstville, Hurstville Grove"
2221,Sydney,"Kyle Bay, South Hurstville, Blakehurst, Carss Park, Connells Point"
2222,Sydney,Penshurst
2223,Sydney,"Mortdale, Oatley"
2224,Sydney,"Kangaroo Point, Sylvania, Sylvania Waters"
2225,Sydney,Oyster Bay
2226,Sydney,"Bonnet Bay, Como, Jannali"
2227,Sydney,"Gymea, Gymea Bay"
2228,Sydney,"Miranda, Yowie Bay"
2229,Sydney,"Caringbah, Dolans Bay, Lilli Pilli, Port Hacking, Taren Point"
2230,Sydney,"Bundeena, Burraneer, Cronulla, Maianbar, Woolooware"
2231,Sydney,Kurnell
2232,Sydney,"Audley, Grays Point, Kareela, Kirrawee, Loftus, Sutherland, Woronora"
2233,Sydney,"Engadine, Heathcote, Waterfall, Woronora Heights, Yarrawarrah"
2234,Sydney,"Alfords Point, Bangor, Barden Ridge, Illawong, Lucas Heights, Menai"
2250,Central Coast,"Calga, Gosford, East Gosford, North Gosford, West Gosford, Erina, Kariong, Kulnura, Lisarow, Lower Mangrove, Mangrove Mountain, Matcham, Mount White, Narara, Niagara Park, Peats Ridge, Point Clare, Somersby, Springfield, Tascott, Wendoree Park, Wyoming"
2251,Central Coast,"Avoca Beach, Bensville, Copacabana, Davistown, Green Point, Kincumber, Macmasters Beach, Saratoga, Yattalunga"
2256,Central Coast,"Blackwall, Koolewong, Patonga, Pearl Beach, Phegans Bay, Woy Woy"
2257,Central Coast,"Booker Bay, Daleys Point, Empire Bay, Ettalong Beach, Hardys Bay, Killcare, Pretty Beach, St Huberts Island, Umina Beach"
2258,Central Coast,"Kangy Angy, Ourimbah"
2259,Central Coast,"Chain Valley Bay, Dooralong, Durren Durren, Gwandalan, Halloran, Hamlyn Terrace, Jilliby, Kanwal, Lake Munmorah, Lemon Tree, Mannering Park, Mardi, Ravensdale, Summerland Point, Tacoma, Tuggerah, Tuggerawong, Wallarah, Warnervale, Watanobbi, Woongarrah, Wyee, Wyong, Wyongah, Yarramalong"
2260,Central Coast,"Erina Heights, Forresters Beach, North Avoca, Terrigal, Wamberal"
2261,Central Coast,"Bateau Bay, Berkeley Vale, Blue Bay, Chittaway Bay, Chittaway Point, Glenning Valley, Killarney Vale, Long Jetty, Magenta, Shelly Beach, The Entrance, The Entrance North, Toowoon Bay, Tumbi Umbi"
2262,Central Coast,"Blue Haven, Budgewoi, Buff Point, Doyalson, Halekulani, San Remo"
2263,Central Coast,"Canton Beach, Charmhaven, Gorokan, Lake Haven, Norah Head, Noraville, Toukley"
2264,Central Coast,"Bonnells Bay, Brightwaters, Dora Creek, Eraring, Mandalong, Mirrabooka, Morisset, Silverwater, Sunshine, Yarrawonga Park"
2265,Central Coast,"Cooranbong, Martinsville"
2267,Central Coast,Wangi Wangi
2278,Hunter,"Barnsley, Killingworth, Wakefield"
2280,Central Coast,"Belmont, Belmont North, Belmont South, Croudace Bay, Floraville, Jewells, Marks Point, Valentine"
2281,Central Coast,"Blacksmiths, Cams Wharf, Catherine Hill Bay, Caves Beach, Middle Camp, Nords Wharf, Swansea"
2282,Hunter,"Eleebana, Lakelands, Warners Bay"
2283,Central Coast,"Arcadia Vale, Awaba, Balmoral, Blackalls Park, Bolton Point, Buttaba, Carey Bay, Coal Point, Fassifern, Fennell Bay, Fishing Point, Kilaben Bay, Rathmines, Toronto"
2284,Hunter,"Argenton, Boolaroo, Booragul, Marmong Point, Speers Point, Teralba, Woodrising"
2285,Hunter,"Cameron Park, Cardiff, Cardiff Heights, Cardiff South, Edgeworth, Glendale, Macquarie Hills"
2286,Hunter,"Holmesville, West Wallsend"
2287,Hunter,"Birmingham Gardens, Elermore Vale, Fletcher, Maryland, Minmi, Rankin Park, Summer Hill, Wallsend"
2289,Hunter,"Adamstown, Adamstown Heights, Garden Suburb, Highfields, Kotara, Kotara South"
2290,Hunter,"Bennetts Green, Charlestown, Dudley, Gateshead, Hillsborough, Kahibah, Mount Hutton, Redhead, Tingira Heights, Whitebridge"
2291,Hunter,"Merewether, Merewether Heights, The Junction"
2292,Hunter,"Broadmeadow, Hamilton North"
2293,Hunter,"Maryville, Wickham"
2294,Hunter,Carrington
2295,Hunter,"Fern Bay, Stockton"
2296,Hunter,Islington
2297,Hunter,Tighes Hill
2298,Hunter,"Georgetown, Waratah, Waratah West"
2299,Hunter,"Jesmond, Lambton, North Lambton"
2300,Hunter,"Bar Beach, Cooks Hill, Newcastle, Newcastle East, The Hill"
2302,Hunter,Newcastle West
2303,Hunter,Hamilton
2304,Hunter,"Kooragang, Mayfield, Mayfield East, Mayfield North, Mayfield West, Sandgate, Warabrook"
2305,Hunter,"New Lambton, New Lambton Heights"
2306,Hunter,Windale
2307,Hunter,Shortland
2308,Hunter,"Callaghan, University Of Newcastle"
2309,Hunter,Hamilton
2310,Hunter,Hunter Region
2311,Hunter,"Allynbrook, Gresford, East Gresford, Halton, Lostock"
2312,Hunter,Nabiac
2314,Hunter,Williamtown Raaf
2315,Hunter,"Corlette, Fingal Bay, Nelson Bay, Shoal Bay"
2316,Hunter,"Anna Bay, Boat Harbour, Bobs Farm"
2317,Hunter,"Salamander Bay, Soldiers Point"
2318,Hunter,"Campvale, Fullerton Cove, Medowie, Oyster Cove, Salt Ash, Williamtown"
2319,Hunter,"Tanilba Bay, Lemon Tree Passage, Mallabula"
2320,Hunter,"Aberglasslyn, Bolwarra, Bolwarra Heights, Farley, Hillsborough, Largs, Lorn, Maitland, South Maitland, Pokolbin, Rothbury, Rutherford, Telarah"
2321,Hunter,"Clarence Town, Duns Creek, Gillieston Heights, Glen William, Heddon Greta, Hinton, Lochinvar, Morpeth, Raworth, Woodville"
2322,Hunter,"Beresfield, Black Hill, Hexham, Lenaghan, Tarro, Thornton, Tomago, Woodberry"
2323,Hunter,"Ashtonfield, Brunkerville, East Maitland, Freemans Waterhole, Green Hills, Metford, Mount Vincent, Mulbring, Tenambit"
2324,Hunter,"Balickera, Brandy Hill, Bundabah, Carrington, Cells River, Eagleton, East Seaham, Heatherbrae, Karuah, Limeburners Creek, Millers Forest, Nelsons Plains, North Arm Cove, Osterley, Pindimar, Raymond Terrace, Seaham, Swan Bay, Tahlee, Tea Gardens, Twelve Mile Creek"
2325,Hunter,"Aberdare, Abernethy, Bellbird, Cessnock, Congewai, Ellalong, Elrington, Kearsley, Kitchener, Laguna, Millfield, Mount View, Nulkaba, Paxton, Paynes Crossing, Pelton, Quorrobolong, Wollombi"
2326,Hunter,"Abermain, Bishops Bridge, Loxford, Weston"
2327,Hunter,"Kurri Kurri, Pelaw Main, Stanford Merthyr"
2328,Hunter,"Denman, Hollydeen, Kerrabee"
2329,Hunter,"Borambil, Cassilis, Merriwa, Uarbry"
2330,Hunter,"Broke, Bulga, Camberwell, Carrowbrook, Dural, Glennies Creek, Greenlands, Hebden, Howes Valley, Jerrys Plains, Mirannie, Mitchells Flat, Mount Olive, Putty, Ravensworth, Reedy Creek, Singleton, St Clair, Warkworth"
2331,Hunter,Singleton Milpo
2333,Hunter,"Baerami Creek, Edderton, Gungal, Liddell, Mccullys Gap, Muscle Creek, Muswellbrook, Sandy Hollow, Wybong"
2334,Hunter,Greta
2335,Hunter,"Belford, Branxton, Dalwood, Elderslie, North Rothbury, Stanhope"
2336,Hunter,"Aberdeen, Dartbrook, Davis Creek, Rouchel, Upper Rouchel"
2337,Hunter,"Bunnan, Ellerston, Gundy, Kars Springs, Moonan Brook, Moonan Flat, Scone, Owens Gap, Parkville, Scone, Stewarts Brook, Wingen, Woolooma"
2338,Hunter,"Ardglen, Blandford, Murrurundi"
2339,Hunter,"Warrah Creek, Willow Tree"
2340,Tamworth,"Bowling Alley Point, Calala, Carroll, Dungowan, Gowrie, Kingswood, Nemingha, Nundle, Oxley Vale, Somerton, South Tamworth, Tamworth, West Tamworth, Westdale, Woolomin"
2341,Hunter,Werris Creek
2342,Tamworth,Currabubula
2343,Hunter,"Blackville, Caroona, Colly Blue, Pine Ridge, Quirindi, Spring Ridge, Wallabadah"
2344,Tamworth,Duri
2345,Tamworth,"Attunga, Garthowen"
2346,Tamworth,Manilla
2347,Tamworth,"Barraba, Cobbadah, Upper Horton"
2348,Tamworth,Tamworth
2350,Tamworth,"Armidale, Enmore, Hillgrove, Invergowrie, Jeogla, West Armidale, Wollomombi"
2351,Tamworth,University Of New England
2352,Tamworth,"Kootingal, Limbri"
2353,Tamworth,Moonbi
2354,Tamworth,"Kentucky, Niangala, Nowendoc, Walcha, Wollun, Woolbrook"
2355,Tamworth,"Bendemeer, Watsons Creek"
2356,North West,Gwabegar
2357,North West,"Bugaldie, Coonabarabran, Purlewaugh, Rocky Glen, Ulamambri"
2358,Tamworth,"Enmore, Kingstown, Uralla"
2359,Tamworth,Bundarra
2360,Tamworth,"Bukkulla, Elsmore, Gilgai, Graman, Gum Flat, Inverell, Little Plain, Mount Russell, Nullamanna, Wallangra"
2361,Tamworth,"Ashford, Bonshaw"
2365,Tamworth,"Ben Lomond, Black Mountain, Glencoe, Guyra, Llangothlin, Wandsworth"
2369,Tamworth,"Stannifer, Tingha"
2370,Tamworth,"Dundee, Furracabad, Glen Innes, Matheson, Newton Boyd, Red Range, Swan Vale"
2371,Tamworth,"Deepwater, Emmaville, Stannum, Torrington"
2372,Tamworth,"Black Swamp, Bolivia, Boonoo Boonoo, Bungulla, Liston, Sandy Flat, Tenterfield, Wylie Creek"
2379,North West,Mullaley
2380,Tamworth,"Gunnedah, Kelvin, Orange Grove"
2381,Hunter,"Breeza, Curlewis, Premer, Tambar Springs"
2382,Tamworth,Boggabri
2386,North West,Burren Junction
2387,North West,Rowena
2388,North West,"Cuttabri, Pilliga, Wee Waa"
2390,Tamworth,"Baan Baa, Edgeroi, Narrabri, Turrawan"
2395,North West,"Binnaway, Weetaliba"
2396,North West,"Baradine, Kenebri"
2397,Tamworth,Bellata
2398,Tamworth,Gurley
2399,Tamworth,Pallamallawa
2400,Tamworth,"Ashley, Crooble, Moree, Terry Hie Hie"
2401,Tamworth,Gravesend
2402,Tamworth,"Coolatai, Warialda"
2403,Tamworth,Delungra
2404,Tamworth,"Bingara, Dinoga"
2405,Tamworth,"Boomi, Garah"
2406,Tamworth,Mungindi
2408,Tamworth,North Star
2409,Tamworth,Boggabilla
2410,Tamworth,Yetman
2411,Tamworth,Croppa Creek
2415,Hunter,"Monkerai, Stroud Road"
2420,Hunter,"Bandon Grove, Dungog, Hilldale, Marshdale, Salisbury, Wallarobba"
2421,Hunter,"Paterson, Vacy"
2422,Hunter,"Barrington, Belbora, Bretti, Bundook, Copeland, Craven, Gloucester, Rawdon Vale, Stratford, Upper Bowman, Wards River"
2423,Hunter,"Boolambayte, Bulahdelah, Bungwahl, Coolongolook, Markwell, Nerong, Seal Rocks, Upper Myall, Wang Wauk, Willina, Wootton"
2424,Hunter,"Cundle Flat, Knorrit Flat, Mount George, Number One"
2425,Hunter,"Allworth, Booral, Girvan, Stroud, Washpool"
2426,North Coast,"Coopernook, Langley Vale"
2427,North Coast,"Crowdy Head, Harrington"
2428,Hunter,"Charlotte Bay, Forster, Green Point, Smiths Lake, Tarbuck Bay, Tuncurry"
2429,North Coast,"Bobin, Bunyah, Burrell Creek, Caparra, Comboyne, Dyers Crossing, Elands, Firefly, Killabakh, Kimbriki, Krambach, Marlee, Mooral Creek, Wherrol Flat, Wingham"
2430,North Coast,"Bohnock, Cundletown, Diamond Beach, Failford, Ghinni Ghinni, Hallidays Point, Koorainghat, Lansdowne, Manning Point, Old Bar, Purfleet, Taree, Tinonee, Upper Lansdowne"
2431,North Coast,"Jerseyville, South West Rocks"
2439,North Coast,"Kendall, Kew, Lorne"
2440,North Coast,"Bellbrook, Bellimbopinni, Carrai, Clybucca, Collombatti, Comara, Crescent Head, Frederickton, Gladstone, Greenhill, Hat Head, Hickeys Creek, Kempsey, Lower Creek, Millbank, Smithtown, South Kempsey, Toorooka, Verges Creek, Willawarrin"
2441,North Coast,"Ballengarra, Bonville, Eungai Creek, Eungai Rail, Grassy Head, Gum Scrub, Kundabung, Rollands Plains, Stuarts Point, Telegraph Point"
2442,North Coast,Kempsey
2443,North Coast,"Camden Head, Dunbogan, Hannam Vale, West Haven, Hannam Vale, Herons Creek, Johns River, Laurieton, Moorland, North Haven, West Haven"
2444,North Coast,"Blackmans Point, Port Macquarie"
2445,North Coast,"Bonny Hills, Lake Cathie"
2446,North Coast,"Bagnoo, Beechwood, Bellangry, Byabarra, Ellenborough, Hollisdale, Huntingdon, King Creek, Long Flat, Pappinbarra, Pembrooke, Toms Creek, Wauchope"
2447,North Coast,"Macksville, Scotts Head, Taylors Arm, Thumb Creek, Warrell Creek"
2448,North Coast,"Nambucca Heads, Valla Beach"
2449,North Coast,"Argents Hill, Bowraville, Missabotti"
2450,North Coast,"Boambee, Coffs Harbour, Coramba, Glenreagh, Karangi, Korora, Lowanna, Moonee Beach, Nana Glen, Ulong, Upper Orara"
2452,North Coast,"Boambee East, Sawtell, Toormina"
2453,North Coast,"Bostobrick, Dorrigo, Dundurrabin, Ebor, Hernani, Megan, Tyringham"
2454,North Coast,"Bellingen, Fernmount, Kalang, Mylestom, Raleigh, Repton, Thora"
2455,North Coast,"Arrawarra Headland, Urunga"
2456,North Coast,"Arrawarra Headland, Corindi Beach, Emerald Beach, Red Rock, Safety Beach, Sandy Beach, Woolgoolga"
2460,North Coast,"Baryulgil, Brushgrove, Cangai, Coaldale, Copmanhurst, Coutts Crossing, Cowper, Grafton, Halfway Creek, Jackadgery, Junction Hill, Kangaroo Creek, Lawrence, Nymboida, Seelands, South Arm, South Grafton, Waterview Heights, Winegrove"
2462,North Coast,"Pillar Valley, Tucabia, Ulmarra, Wooli"
2463,North Coast,"Brooms Head, Maclean, Tullymorgan, Woodford"
2464,North Coast,Yamba
2465,North Coast,Harwood
2466,North Coast,Iluka
2469,North Coast,"Bonalbo, Chatsworth, Mallanganee, Old Bonalbo, Rappville, Tabulam"
2470,North Coast,"Backmede, Baraimal, Casino, Coombell, Dobies Bight, Doubtful Creek, Dyraaba, Ellangowan, Fairy Hill, Irvington, Leeville, Mongogarie, Naughtons Gap, Piora, Sextonville, Shannon Brook, Spring Grove, Stratheden, Woodview"
2471,North Coast,"Coraki, Swan Bay, Tatham"
2472,North Coast,"Broadwater, Rileys Hill, Woodburn"
2473,North Coast,Evans Head
2474,North Coast,"Cawongla, Ettrick, Geneva, Grevillia, Kyogle, Lynchs Creek, Rukenvale, The Risk, Toonumbar, Wiangaree"
2475,North Coast,Urbenville
2476,North Coast,"Acacia Plateau, Legume, Old Koreelah, Woodenbong"
2477,North Coast,"Alstonville, Cabbage Tree Island, Dalwood, Meerschaum Vale, Rous, Rous Mill, Uralba, Wardell, Wollongbar"
2478,North Coast,"Ballina, Empire Vale, Keith Hall, Lennox Head, Pimlico, Teven, Tintenbar"
2479,North Coast,"Bangalow, Binna Burra, Brooklet, Fernleigh, Nashua, Opossum Creek"
2480,North Coast,"Bentley, Bexhill, Clunes, Corndale, Dorroughby, Dunoon, Eltham, Eureka, Federal, Georgica, Goolmangar, Goonellabah, Lismore, Marom Creek, Mckees Hill, Nimbin, North Lismore, Numulgi, Richmond Hill, Rock Valley, Rosebank, Ruthven, The Channon, Tregeagle, Tuckurimba, Tuncester, Whian Whian, Wyrallah"
2481,North Coast,"Broken Head, Byron Bay, Suffolk Park, Tyagarah"
2482,North Coast,"Goonengerry, Mullumbimby"
2483,North Coast,"Billinudgel, Brunswick Heads, Burringbar, Crabbes Creek, Mooball, New Brighton, Ocean Shores, South Golden Beach, Yelgun"
2484,North Coast,"Back Creek, Bray Park, Chillingham, Condong, Crystal Creek, Cudgera Creek, Doon Doon, Dunbible, Dungay, Eungella, Kunghur, Murwillumbah, Numinbah, Palmvale, Stokers Siding, Tyalgum, Uki"
2485,North Coast,"Tweed Heads, Tweed Heads West"
2486,North Coast,"Banora Point, Bilambil, Carool, Terranora, Tweed Heads South"
2487,North Coast,"Chinderah, Cudgen, Duranbah, Fingal Head, Kingscliff, Stotts Creek"
2488,North Coast,"Bogangar, Cabarita Beach"
2489,North Coast,"Hastings Point, Pottsville"
2490,North Coast,Tumbulgum
2500,Sydney,"Coniston, Gwynneville, Mangerton, Keiraville, Mount Keira, Mount Saint Thomas, North Wollongong, Spring Hill, West Wollongong, Wollongong"
2502,Sydney,"Cringila, Lake Heights, Primbee, Warrawong"
2505,Sydney,"Kemblawarra, Port Kembla"
2506,Sydney,Berkeley
2508,Sydney,"Coalcliff, Darkes Forest, Helensburgh, Otford, Stanwell Park, Stanwell Tops"
2515,Sydney,"Austinmer, Clifton, Coledale, Scarborough, Thirroul, Wombarra"
2516,Sydney,Bulli
2517,Sydney,"Russell Vale, Woonona"
2518,Sydney,"Bellambi, Corrimal, East Corrimal, Tarrawanna, Towradgi"
2519,Sydney,"Balgownie, Fairy Meadow, Mount Ousley, Mount Pleasant"
2520,Sydney,Wollongong
2521,Sydney,South Coast
2522,Sydney,University Of Wollongong
2525,Sydney,Figtree
2526,Sydney,"Cordeaux Heights, Farmborough Heights, Kembla Grange, Mount Kembla, Unanderra"
2527,South Coast,"Albion Park, Albion Park Rail"
2528,South Coast,"Barrack Heights, Barrack Point, Lake Illawarra, Mount Warrigal, Warilla, Windang"
2529,South Coast,"Blackbutt, Dunmore, Flinders, Oak Flats, Shell Cove, Shellharbour"
2530,South Coast,"Brownsville, Dapto, Horsley, Kanahooka, Koonawarra, Wongawilli, Yallah"
2533,South Coast,"Bombo, Jamberoo, Kiama, Minnamurra"
2534,South Coast,"Foxground, Gerringong, Gerroa, Toolijooa, Werri Beach"
2535,South Coast,"Bellawongarah, Berry, Budderoo, Coolangatta, Jaspers Brush, Shoalhaven Heads, Wattamolla, Woodhill"
2536,South Coast,"Batehaven, Batemans Bay, Benandarah, Bimbimbie, Buckenbowra, Catalina, Currowan, Denhams Beach, Durras North, East Lynne, Guerilla Bay, Jeremadra, Lilli Pilli, Long Beach, Maloneys Beach, Malua Bay, Mogo, Nelligen, North Batemans Bay, Rosedale, Runnyford, South Durras, Sunshine Bay, Sunshine Bay, Surf Beach, Surfside, Woodlands"
2537,South Coast,"Bergalia, Bingie, Broulee, Coila, Congo, Deua, Deua River Valley, Kiora, Meringo, Mogendoura, Moruya, Moruya Heads, Mossy Point, Tomakin, Turlinjah, Tuross Head"
2538,South Coast,Milton
2539,South Coast,"Bawley Point, Bendalong, Berringer Lake, Burrill Lake, Conjola, Conjola Park, Cunjurong Point, Kioloa, Lake Conjola, Lake Tabourie, Manyana, Mollymook, Termeil, Ulladulla, Yatte Yattah"
2540,South Coast,"Bamarang, Basin View, Berrara, Bolong, Brundee, Burrier, Callala Bay, Callala Beach, Cambewarra, Cudmirrah, Culburra Beach, Currarong, Erowal Bay, Falls Creek, Greenwell Point, Hmas Albatross, Hmas Creswell, Huskisson, Hyams Beach, Jervis Bay, Meroo Meadow, Myola, Numbaa, Old Erowal Bay, Orient Point, Pyree, Sanctuary Point, St Georges Basin, Sussex Inlet, Swanhaven, Tapitallee, Terara, Tomerong, Vincentia, Wandandian, Woollamia, Worrigee, Wrights Beach, Yalwal"
2541,South Coast,"Bangalee, Bomaderry, North Nowra, Nowra, South Nowra"
2545,South Coast,"Bodalla, Nerrigundah"
2546,South Coast,"Barragga Bay, Bermagui, Central Tilba, Cuttagee, Dalmeny, Dignams Creek, Kianga, Narooma, North Narooma, Tilba Tilba, Tinpot, Wallaga Lake"
2548,South Coast,"Berrambool, Merimbula, Tura Beach"
2549,South Coast,"Broadwater, Greigs Flat, Nethercote, Pambula, South Pambula"
2550,South Coast,"Bega, Bemboka, Bournda, Brogo, Burragate, Candelo, Cobargo, Doctor George Mountain, Kingswood, Mogareeka, Morans Crossing, Mumbulla Mountain, Nelson, Quaama, Rocky Hall, Tathra, Towamba, Wandella, Wapengo, Wolumla, Wyndham, Yowrie"
2551,South Coast,"Eden, Kiah, Wonboyn, Wonboyn Lake"
2555,Sydney,Badgerys Creek
2556,Sydney,Bringelly
2557,Sydney,"Catherine Field, Rossmore"
2558,Sydney,"Eagle Vale, Eschol Park, Kearns"
2559,Sydney,"Blairmount, Claymore"
2560,Sydney,"Airds, Ambarvale, Appin, Bradbury, Blair Athol, Bradbury, Campbelltown, Englorie Park, Gilead, Glen Alpine, Kentlyn, Leumeah, Rosemeadow, Ruse, St Helens Park, Wedderburn, Woodbine"
2563,Sydney,Menangle Park
2564,Sydney,"Long Point, Macquarie Fields"
2565,Sydney,"Macquarie Links, Denham Court, Ingleburn"
2566,Sydney,"Bow Bowing, Minto, Raby, St Andrews, Varroville"
2567,Sydney,"Currans Hill, Harrington Park, Mount Annan, Narellan, Narellan Vale"
2568,Sydney,Menangle
2569,Sydney,Douglas Park
2570,Sydney,"Camden, Camden Park, Cawdor, Cobbitty, Elderslie, Ellis Lane, Grasmere, Mount Hunter, Nattai, Oakdale, Orangeville, The Oaks, Werombi"
2571,Sydney,"Balmoral Village, Buxton, Couridjah, Picton, Razorback, Wilton"
2572,Sydney,"Lakesland, Thirlmere"
2573,Sydney,Tahmoor
2574,South Coast,"Bargo, Pheasants Nest, Yanderra"
2575,South Coast,"Aylmerton, Colo Vale, Hill Top, Mittagong, Welby, Yerrinbool"
2576,South Coast,"Bowral, Burradoo, Kangaloon"
2577,South Coast,"Avoca, Barrengarry, Beaumont, Berrima, Burrawang, Fitzroy Falls, Kangaroo Valley, Moss Vale, New Berrima, Robertson, Sutton Forest, Wildes Meadow, Yarrunga"
2578,South Coast,Bundanoon
2579,South Coast,"Exeter, Marulan, Penrose, Tallong, Wingello"
2580,South Coast,"Bannister, Bungonia, Golspie, Goulburn, Kingsdale, Lake Bathurst, Roslyn, Tarago, Taralga, Towrang, Wombeyan Caves, Woodhouselee, Yalbraith, Yarra"
2581,South Coast,"Breadalbane, Collector, Dalton, Gunning"
2582,South Coast,"Bookham, Bowning, Burrinjuck, Murrumbateman, Wee Jasper, Yass"
2583,South Coast,"Bigga, Binda, Blanket Flat, Crooked Corner, Crookwell, Fullerton, Grabben Gullen, Kialla, Laggan, Limerick, Peelwood, Rugby, Tuena"
2584,South Coast,Binalong
2585,South Coast,Galong
2586,South Coast,"Boorowa, Murringo, Reids Flat, Rye Park"
2587,Riverina,"Harden, Kingsvale, Murrumburrah, Wombat"
2588,Riverina,Wallendbeen
2590,Riverina,"Bethungra, Cootamundra, Illabo"
2594,Riverina,"Bribbaree, Milvale, Monteagle, Young"
2611,South Coast,"Brindabella, Uriarra"
2619,South Coast,Jerrabomberra
2620,South Coast,"Burra, Crestwood, Gundaroo, Karabar, Michelago, Queanbeyan, Queanbeyan East, Queanbeyan West, Royalla, Sutton, Wamboin, Williamsdale"
2621,South Coast,Bungendore
2622,South Coast,"Araluen, Ballalaba, Boro, Braidwood, Gundillion, Jembaicumbene, Majors Creek, Monga, Mongarlowe, Nerriga, Reidsdale"
2623,South Coast,Captains Flat
2624,South Coast,Perisher Valley
2625,South Coast,Thredbo Village
2626,South Coast,Bredbo
2627,South Coast,Jindabyne
2628,South Coast,"Berridale, Braemar, Dalgety, Eucumbene, Numbla Vale"
2629,South Coast,"Adaminaby, Cabramurra, Yaouk"
2630,South Coast,"Bungarby, Bunyan, Chakola, Cooma, Jerangle, Numeralla, Peak View, Rock Flat, Rose Valley"
2631,South Coast,"Ando, Nimmitabel"
2632,South Coast,"Bibbenluke, Bombala, Cathcart, Craigie, Mila"
2633,South Coast,Delegate
2640,South Coast,"Albury, East Albury, North Albury, South Albury, Table Top, Talmalmo, Thurgoona"
2641,Riverina,Lavington
2642,Riverina,"Brocklesby, Burrumbuttock, Gerogery, Jindera, Jingellic, Khancoban, Rand, Tooma, Walbundrie, Yerong Creek"
2643,Riverina,Howlong
2644,Riverina,"Bowna, Holbrook, Mullengandra, Woomargama"
2645,Riverina,Urana
2646,Murray,"Balldale, Corowa, Daysdale, Lowesdale, Oaklands, Rennie, Savernake"
2647,Murray,Mulwala
2648,Murray,"Cal Lal, Curlwaa, Mourquong, Palinyewah, Pomona, Pooncarie, Rufus River, Wentworth"
2649,South Coast,Laurel Hill
2650,Riverina,"Ashmont, Carabost, Collingullie, Cookardinia, Downside, Glenfield Park, Harefield, Kooringal, Lake Albert, Mount Austin, Tolland, Turvey Park, Wagga Wagga, Wagga Wagga South"
2651,Riverina,"Forest Hill, Wagga Wagga Raaf"
2652,Murray,"Boree Creek, Galore, Goolgowi, Grong Grong, Gumly Gumly, Humula, Ladysmith, Mangoplah, Marrar, Matong, Merriwagga, Old Junee, Rosewood, Tabbita, Tarcutta, Uranquinty"
2653,South Coast,"Mannus, Tumbarumba"
2655,Riverina,"French Park, The Rock"
2656,Riverina,"Lockhart, Milbrulong, Urangeline East"
2658,Riverina,"Henty, Pleasant Hills, Ryan"
2659,Riverina,Walla Walla
2660,Riverina,"Culcairn, Morven"
2661,Riverina,Kapooka
2663,Riverina,Junee
2665,Riverina,"Ardlethan, Ariah Park, Barellan, Beckom, Binya, Kamarah, Mirrool, Moombooldool"
2666,Riverina,"Grogan, Reefton, Sebastopol, Springdale, Temora, Trungley Hall"
2668,Riverina,Barmedman
2669,Riverina,"Bygalorie, Erigolia, Girral, Naradhan, Rankins Springs, Tallimba, Tullibigeal, Ungarie, Weethalle"
2671,Riverina,"Burcher, West Wyalong, Wyalong"
2672,Riverina,"Burgooney, Lake Cargelligo"
2675,Riverina,"Hillston, Roto"
2678,Riverina,"Riverina, Wagga Wagga"
2680,Murray,"Beelbangera, Benerembah, Bilbul, Griffith, Hanwood, Lake Wyangan, Tharbogang, Widgelli, Willbriggie, Yoogali"
2681,Riverina,Yenda
2700,Riverina,"Corobimilla, Morundah, Narrandera"
2701,Riverina,Coolamon
2702,Riverina,Ganmain
2703,Riverina,Yanco
2705,Riverina,"Corbie Hill, Leeton, Murrami, Wamoon, Whitton"
2706,Riverina,Darlington Point
2707,Riverina,"Argoon, Coleambally"
2708,Riverina,Lavington
2710,Murray,"Caldwell, Conargo, Deniliquin, Gulpa, Mathoura, Mayrung, Moira, Wakool, Wanganella"
2711,Murray,"Booligal, Carrathool, Gunbar, Hay, Maude, Oxley"
2712,Murray,Berrigan
2713,Murray,"Blighty, Finley"
2714,Murray,Tocumwal
2715,Murray,"Balranald, Hatfield"
2716,Murray,"Jerilderie, Mabins Well"
2717,Murray,Dareton
2720,South Coast,"Gilmore, Talbingo, Tumut"
2721,Riverina,Quandialla
2722,Riverina,"Brungle, Gundagai, Muttama, Nangus"
2725,Riverina,Stockinbingal
2726,Riverina,Jugiong
2727,Riverina,"Adjungbilly, Coolac"
2729,Riverina,"Adelong, Cooleys Creek, Grahamstown, Mount Horeb, Tumblong, Wondalga"
2730,North Coast,"Batlow, Green Hills"
2731,Murray,"Bunnaloo, Moama, Womboota"
2732,Murray,Barham
2733,Murray,Moulamein
2734,Murray,Kyalite
2735,Murray,Koraleigh
2736,Murray,"Tooleybuc, Goodnight"
2737,Murray,Euston
2738,Murray,"Gol Gol, Monak"
2739,Murray,Buronga
2745,Sydney,"Glenmore Park, Greendale, Luddenham, Mulgoa, Regentville, Wallacia"
2747,Sydney,"Cambridge Park, Kingswood, Llandilo, Shanes Park, Werrington, Werrington County, Werrington Downs"
2748,Sydney,Orchard Hills
2749,Sydney,"Castlereagh, Cranebrook"
2750,Sydney,"Emu Plains, Leonay, Penrith"
2751,Sydney,Penrith
2752,Sydney,"Silverdale, Warragamba"
2753,Sydney,"Bowen Mountain, Grose Vale, Grose Wold, Hobartville, Londonderry, Richmond, Yarramundi"
2754,Sydney,"North Richmond, Tennyson"
2755,Central Coast,Richmond Raaf
2756,Central Tablelands,"Bligh Park, Cattai, Clarendon, Colo, Cornwallis, Ebenezer, Freemans Reach, Glossodia, Lower Portland, Maroota, Mcgraths Hill, Mulgrave, Pitt Town, Scheyville, Wilberforce, Windsor"
2757,Sydney,Kurmond
2758,Sydney,"Bilpin, Blaxlands Ridge, Kurrajong"
2759,Sydney,"St Clair, Erskine Park"
2760,Sydney,"Colyton, Oxley Park, St Marys"
2761,Sydney,"Dean Park, Glendenning, Hassall Grove, Oakhurst, Plumpton"
2762,Sydney,Schofields
2763,Sydney,"Acacia Gardens, Quakers Hill"
2765,Sydney,"Berkshire Park, Box Hill, Maraylya, Marsden Park, Nelson, Oakville, Riverstone, Vineyard"
2766,Sydney,"Eastern Creek, Rooty Hill"
2767,Sydney,"Doonside, Woodcroft"
2768,Sydney,"Glenwood, Parklea, Stanhope Gardens"
2769,Sydney,The Ponds
2770,Sydney,"Bidwill, Blackett, Dharruk, Emerton, Hebersham, Lethbridge Park, Minchinbury, Mount Druitt, Shalvey, Tregear, Whalan, Willmot"
2773,Sydney,"Glenbrook, Lapstone"
2774,Sydney,"Mount Riverview, Warrimoo, Blaxland"
2775,Central Coast,"Central Macdonald, Laughtondale, Spencer, St Albans, Wisemans Ferry"
2776,Sydney,Faulconbridge
2777,Sydney,"Hawkesbury Heights, Springwood, Valley Heights, Winmalee, Yellow Rock"
2778,Sydney,"Linden, Woodford"
2779,Sydney,Hazelbrook
2780,Central Tablelands,"Katoomba, Leura, Medlow Bath"
2782,Sydney,Wentworth Falls
2783,Sydney,Lawson
2784,Sydney,Bullaburra
2785,Sydney,"Blackheath, Megalong"
2786,Central Tablelands,"Bell, Dargan, Mount Irvine, Mount Victoria, Mount Wilson"
2787,Central Tablelands,"Black Springs, Duckmaloi, Edith, Gingkin, Hazelgrove, Oberon, Porters Retreat, Shooters Hill, Tarana"
2790,Central Tablelands,"Bowenfels, Clarence, Cobar Park, Cullen Bullen, Hampton, Hartley, Lidsdale, Lithgow, Little Hartley, Lowther, Marrangaroo, Rydal, Sodwalls"
2791,Central Tablelands,Carcoar
2792,Central Tablelands,Mandurama
2793,Central Tablelands,"Darbys Falls, Woodstock"
2794,Central Tablelands,"Bumbaldry, Cowra, Noonbinna, Wattamondara"
2795,Central Tablelands,"Bald Ridge, Ballyroe, Bathurst, Brewongle, Burraga, Dark Corner, Dunkeld, Duramana, Eglinton, Freemantle, Gemalla, Georges Plains, Hobbys Yards, Isabella, Judds Creek, Kelso, Locksley, Meadow Flat, Mount David, Newbridge, Peel, Perthville, Raglan, Rockley, Sofala, Sunny Corner, The Rocks, Trunkey Creek, Turondale, Wambool, Wattle Flat, West Bathurst, Wimbledon, Wisemans Creek, Yetholme"
2797,Central Tablelands,"Garland, Lyndhurst"
2798,Central Tablelands,"Forest Reefs, Millthorpe, Tallwood"
2799,Central Tablelands,"Barry, Blayney, Browns Creek, Neville, Vittoria"
2800,Central Tablelands,"Borenore, Cargo, Lucknow, March, Mullion Creek, Nashdale, Orange, Spring Hill"
2803,South Coast,"Bendick Murrell, Crowther, Wirrimah"
2804,Central Tablelands,Canowindra
2805,Central Tablelands,Gooloogong
2806,Central Tablelands,Eugowra
2807,South Coast,Koorawatha
2809,South Coast,Greenethorpe
2810,Riverina,"Bimbi, Caragabal, Grenfell, Pullabooka"
2820,North West,"Arthurville, Bakers Swamp, Bodangora, Dripstone, Farnham, Maryvale, Mumbil, Neurea, Spicers Creek, Stuart Town, Walmer, Wellington"
2821,North West,Narromine
2823,North West,Trangie
2824,North West,Warren
2825,North West,"Bogan, Canonba, Miandetta, Mullengudgery, Nyngan"
2827,North West,"Collie, Curban, Gilgandra"
2828,North West,"Gulargambone, Warrumbungle"
2829,North West,"Combara, Coonamble"
2830,North West,"Ballimore, Brocklehurst, Dubbo, Mogriguy"
2831,North West,"Armatree, Balladoran, Byrock, Carinda, Coolabah, Elong Elong, Eumungerie, Geurie, Girilambone, Goodooga, Hermidale, Merrygoen, Neilrex, Nevertire, Nymagee, Quambone, Tooraweenah, Wongarbon"
2832,North West,"Come By Chance, Cryon, Cumborah, Walgett"
2833,North West,Collarenebri
2834,North West,Lightning Ridge
2835,North West,Cobar
2836,North West,"White Cliffs, Wilcannia"
2839,North West,"Brewarrina, Weilmoringle"
2840,North West,"Barringun, Bourke, Enngonia, Fords Bridge, Louth, Tilpa, Urisino, Wanaaring, Yantabulla"
2842,North West,Mendooran
2843,North West,Coolah
2844,North West,"Birriwa, Dunedoo, Leadville"
2845,Central Tablelands,Wallerawang
2846,Central Tablelands,"Capertee, Glen Davis"
2847,Central Tablelands,Portland
2848,Central Tablelands,"Charbon, Clandulla, Kandos"
2849,North West,"Bylong, Rylstone"
2850,North West,"Hargraves, Havilah, Hill End, Ilford, Lue, Mudgee, Running Stream, Turill, Twelve Mile, Ulan, Wilbetree, Windeyer, Wollar, Yarrawonga"
2852,North West,"Goolma, Gulgong"
2864,Central Tablelands,"Cudal, Murga, Toogong"
2865,Central Tablelands,Manildra
2866,Central Tablelands,"Euchareena, Garra, Larras Lee, Molong"
2867,Central Tablelands,"Baldry, Cumnock"
2868,Central Tablelands,Yeoval
2869,North West,"Peak Hill, Tomingley, Trewilga"
2870,Central Tablelands,"Alectown, Cookamidgera, Daroobalgie, Goonumbla, Mandagery, Parkes, Tichborne"
2871,Central Tablelands,"Bedgerebong, Forbes, Garema, Wirrinya"
2873,North West,"Albert, Tottenham"
2874,North West,Tullamore
2875,Central Tablelands,"Fifield, Ootha, Trundle"
2876,Central Tablelands,"Bogan Gate, Gunningbland, Nelungaloo"
2877,Central Tablelands,"Condobolin, Derriwong, Euabalong, Mount Hope"
2878,Murray,"Conoble, Ivanhoe, Mossgiel, Trida"
2879,Murray,Menindee
2880,North West,"Broken Hill, Silverton, Tibooburra"
2890,North Coast,Lord Howe Island
2898,North Coast,Lord Howe Island
2899,North Coast,Waterloo
3500,Murray,Mildura
3644,Murray,Barooga
3707,South Coast,Corryong